Student Name,Admission Number,Class Name,Stream Name,Parent Name,Parent Email,Date of Birth
Kelvin Maina Ndirangu,CBC-001,PP1,East,Olivia Wairimu Ndirangu,olivia.wairimu@giakanja.co.ke,2021-07-04
Winnie Zawadi Macharia,CBC-002,PP1,East,Oscar Kiptoo Macharia,oscar.kiptoo@giakanja.co.ke,2021-11-24
Samuel Nekesa Koech,CBC-003,PP1,East,Victor Kagendo Koech,victor.kagendo@giakanja.co.ke,2021-02-24
Mary Mwenda Gachuhi,CBC-004,PP1,East,Hassan Kimani Gachuhi,hassan.kimani@giakanja.co.ke,2021-07-10
Shadrack Zawadi Hussein,CBC-005,PP1,East,Aisha Awino Hussein,aisha.awino@giakanja.co.ke,2020-10-20
Irene Akelo Odhiambo,CBC-006,PP1,East,Linda Njoroge Odhiambo,linda.njoroge@giakanja.co.ke,2020-12-12
Trevor Awino Kavata,CBC-007,PP1,East,Betty Otieno Kavata,betty.otieno@giakanja.co.ke,2021-08-21
Atieno Wambui Odero,CBC-008,PP1,East,Leonard Wambui Odero,leonard.wambui@giakanja.co.ke,2020-02-03
Rodgers Wairimu Gatheru,CBC-009,PP1,East,Trevor Njoroge Gatheru,trevor.njoroge@giakanja.co.ke,2021-06-19
Yvonne Mwenda Muthike,CBC-010,PP1,East,Jepkoech Kamau Muthike,jepkoech.kamau@giakanja.co.ke,2020-10-03
Duncan Kimani Alego,CBC-011,PP1,East,Zara Maina Alego,zara.maina@giakanja.co.ke,2020-08-20
Chepkoech Auma Wekesa,CBC-012,PP1,East,Betty Muthoni Wekesa,betty.muthoni@giakanja.co.ke,2021-06-08
Ochieng Nekesa Gitau,CBC-013,PP1,East,Abdi Zawadi Gitau,abdi.zawadi@giakanja.co.ke,2020-05-20
Margaret Chelangat Ochieng,CBC-014,PP1,East,Amos Auma Ochieng,amos.auma@giakanja.co.ke,2021-05-20
Ian Chelangat Wainaina,CBC-015,PP1,East,Raymond Wambui Wainaina,raymond.wambui@giakanja.co.ke,2021-02-15
Omondi Omondi Gitau,CBC-016,PP1,West,Sandra Maina Gitau,sandra.maina@giakanja.co.ke,2020-02-15
Awino Muthoni Gitau,CBC-017,PP1,West,Lucy Zawadi Gitau,lucy.zawadi@giakanja.co.ke,2020-10-23
Kipchoge Muthoni Murithi,CBC-018,PP1,West,Naomi Adhiambo Murithi,naomi.adhiambo@giakanja.co.ke,2020-08-14
Gloria Muthoni Nyakundi,CBC-019,PP1,West,Akinyi Waweru Nyakundi,akinyi.waweru@giakanja.co.ke,2020-06-11
Kelvin Mwenda Odhiambo,CBC-020,PP1,West,Derrick Kimani Odhiambo,derrick.kimani@giakanja.co.ke,2020-01-03
Grace Njoroge Omari,CBC-021,PP1,West,Samson Waweru Omari,samson.waweru@giakanja.co.ke,2020-01-04
Emmanuel Baraka Simiyu,CBC-022,PP1,West,Mark Njeri Simiyu,mark.njeri@giakanja.co.ke,2021-07-16
Diana Awino Onyango,CBC-023,PP1,West,Samuel Warsame Onyango,samuel.warsame@giakanja.co.ke,2021-03-04
Enock Mwikali Mugambi,CBC-024,PP1,West,Wanjiku Wambui Mugambi,wanjiku.wambui@giakanja.co.ke,2021-03-06
Adhiambo Ochieng Ochieng,CBC-025,PP1,West,Emmanuel Akinyi Ochieng,emmanuel.akinyi@giakanja.co.ke,2020-06-01
Clinton Njoroge Kimani,CBC-026,PP1,West,Chepkoech Omondi Kimani,chepkoech.omondi@giakanja.co.ke,2020-01-25
Zawadi Njoroge Kibet,CBC-027,PP1,West,Jacqueline Kamau Kibet,jacqueline.kamau@giakanja.co.ke,2020-05-04
Duncan Kimani Ngilu,CBC-028,PP1,West,Muthoni Kipkorir Ngilu,muthoni.kipkorir@giakanja.co.ke,2021-12-08
Irene Otieno Muthike,CBC-029,PP1,West,Sharon Baraka Muthike,sharon.baraka@giakanja.co.ke,2021-03-17
Meshack Njeri Oketch,CBC-030,PP1,West,Rodgers Otieno Oketch,rodgers.otieno@giakanja.co.ke,2020-06-13
Leonard Adhiambo Okeyo,CBC-031,PP2,East,Daniel Kimani Okeyo,daniel.kimani@giakanja.co.ke,2020-11-01
Vivian Warsame Mutua,CBC-032,PP2,East,Aisha Awino Mutua,aisha.awino@giakanja.co.ke,2020-06-10
Kiptoo Wairimu Muthike,CBC-033,PP2,East,Vivian Kimani Muthike,vivian.kimani@giakanja.co.ke,2020-03-01
Rachel Akelo Kyalo,CBC-034,PP2,East,Jacqueline Nekesa Kyalo,jacqueline.nekesa@giakanja.co.ke,2019-04-11
Ochieng Zawadi Simiyu,CBC-035,PP2,East,Caroline Waweru Simiyu,caroline.waweru@giakanja.co.ke,2019-09-07
Nafula Warsame Gacheru,CBC-036,PP2,East,Vincent Muthoni Gacheru,vincent.muthoni@giakanja.co.ke,2019-01-04
Joseph Ochieng Mboya,CBC-037,PP2,East,Amos Mwikali Mboya,amos.mwikali@giakanja.co.ke,2019-03-10
Yvonne Mwikali Mwangi,CBC-038,PP2,East,Enock Otieno Mwangi,enock.otieno@giakanja.co.ke,2020-09-14
Daniel Baraka Kibet,CBC-039,PP2,East,Cynthia Maina Kibet,cynthia.maina@giakanja.co.ke,2020-06-03
Zara Warsame Mugo,CBC-040,PP2,East,Duncan Kagendo Mugo,duncan.kagendo@giakanja.co.ke,2019-10-08
Shadrack Kipchoge Waititu,CBC-041,PP2,East,Jacqueline Maina Waititu,jacqueline.maina@giakanja.co.ke,2019-08-01
Ann Maina Abdi,CBC-042,PP2,East,Hannah Mwikali Abdi,hannah.mwikali@giakanja.co.ke,2020-08-04
Otieno Waweru Simiyu,CBC-043,PP2,East,Karen Auma Simiyu,karen.auma@giakanja.co.ke,2019-06-01
Sasha Warsame Thuo,CBC-044,PP2,East,Faith Mwenda Thuo,faith.mwenda@giakanja.co.ke,2019-03-26
Anthony Waweru Ogola,CBC-045,PP2,East,Alice Adhiambo Ogola,alice.adhiambo@giakanja.co.ke,2019-12-07
Calvin Ochieng Halake,CBC-046,PP2,West,Timothy Wanjiku Halake,timothy.wanjiku@giakanja.co.ke,2019-07-01
Jane Zawadi Gitau,CBC-047,PP2,West,Gilbert Omondi Gitau,gilbert.omondi@giakanja.co.ke,2020-10-17
George Omondi Barasa,CBC-048,PP2,West,Olivia Kimani Barasa,olivia.kimani@giakanja.co.ke,2020-07-21
Eunice Atieno Alego,CBC-049,PP2,West,Njeri Kimani Alego,njeri.kimani@giakanja.co.ke,2020-06-07
Shadrack Adhiambo Siaya,CBC-050,PP2,West,Elizabeth Kamau Siaya,elizabeth.kamau@giakanja.co.ke,2019-12-22
Sandra Waweru Ogola,CBC-051,PP2,West,Oscar Chelangat Ogola,oscar.chelangat@giakanja.co.ke,2019-06-16
Samuel Maina Mugo,CBC-052,PP2,West,Kipchoge Waweru Mugo,kipchoge.waweru@giakanja.co.ke,2020-01-23
Winnie Kipkorir Ochieng,CBC-053,PP2,West,Xenia Nekesa Ochieng,xenia.nekesa@giakanja.co.ke,2019-01-10
Clinton Warsame Makau,CBC-054,PP2,West,Adhiambo Muthoni Makau,adhiambo.muthoni@giakanja.co.ke,2019-10-24
Wambui Kamau Warui,CBC-055,PP2,West,Gloria Akinyi Warui,gloria.akinyi@giakanja.co.ke,2020-02-11
Waweru Zawadi Ochieng,CBC-056,PP2,West,Jebet Kamau Ochieng,jebet.kamau@giakanja.co.ke,2020-05-13
Irene Wambui Kavata,CBC-057,PP2,West,Ursula Mwenda Kavata,ursula.mwenda@giakanja.co.ke,2020-10-28
Charles Adhiambo Thuo,CBC-058,PP2,West,Winnie Waweru Thuo,winnie.waweru@giakanja.co.ke,2020-11-14
Mutheu Omondi Wesonga,CBC-059,PP2,West,Kamau Adhiambo Wesonga,kamau.adhiambo@giakanja.co.ke,2020-01-06
Emmanuel Njoroge Alego,CBC-060,PP2,West,Geoffrey Akelo Alego,geoffrey.akelo@giakanja.co.ke,2020-02-07
Samson Waweru Sang,CBC-061,Grade 1,East,Paul Njoroge Sang,paul.njoroge@giakanja.co.ke,2019-11-02
Alice Auma Ndirangu,CBC-062,Grade 1,East,Zara Kimani Ndirangu,zara.kimani@giakanja.co.ke,2018-04-19
Elijah Wairimu Macharia,CBC-063,Grade 1,East,Fatuma Akelo Macharia,fatuma.akelo@giakanja.co.ke,2018-06-02
Akinyi Otieno Barasa,CBC-064,Grade 1,East,Sarah Ochieng Barasa,sarah.ochieng@giakanja.co.ke,2019-11-05
Emmanuel Awino Ouma,CBC-065,Grade 1,East,Derrick Warsame Ouma,derrick.warsame@giakanja.co.ke,2019-05-10
Betty Njoroge Rotich,CBC-066,Grade 1,East,Beatrice Ochieng Rotich,beatrice.ochieng@giakanja.co.ke,2019-12-19
James Muthoni Omar,CBC-067,Grade 1,East,Nekesa Maina Omar,nekesa.maina@giakanja.co.ke,2019-06-17
Betty Mwenda Owino,CBC-068,Grade 1,East,Chebet Wairimu Owino,chebet.wairimu@giakanja.co.ke,2018-03-12
Michael Mwikali Murithi,CBC-069,Grade 1,East,Solomon Njoroge Murithi,solomon.njoroge@giakanja.co.ke,2018-12-04
Yvonne Otieno Kasyoka,CBC-070,Grade 1,East,Kagendo Otieno Kasyoka,kagendo.otieno@giakanja.co.ke,2019-10-10
John Kamau Musyoka,CBC-071,Grade 1,East,Derrick Waweru Musyoka,derrick.waweru@giakanja.co.ke,2019-01-27
Hellen Mwenda Mwenda,CBC-072,Grade 1,East,Lydia Kiptoo Mwenda,lydia.kiptoo@giakanja.co.ke,2018-08-12
Ezekiel Wambui Bett,CBC-073,Grade 1,East,Edna Chelangat Bett,edna.chelangat@giakanja.co.ke,2019-05-04
Kemunto Akelo Gatheru,CBC-074,Grade 1,East,Michael Nekesa Gatheru,michael.nekesa@giakanja.co.ke,2019-05-04
Kamau Omondi Wainaina,CBC-075,Grade 1,East,Sheila Akelo Wainaina,sheila.akelo@giakanja.co.ke,2019-10-10
Adrian Wairimu Rotich,CBC-076,Grade 1,West,Muthoni Njoroge Rotich,muthoni.njoroge@giakanja.co.ke,2018-01-23
Sharon Waweru Ruto,CBC-077,Grade 1,West,Njoroge Kipchoge Ruto,njoroge.kipchoge@giakanja.co.ke,2019-07-12
Derrick Akelo Owino,CBC-078,Grade 1,West,Joyce Chelangat Owino,joyce.chelangat@giakanja.co.ke,2018-02-21
Linda Kamau Abdi,CBC-079,Grade 1,West,Sasha Mwikali Abdi,sasha.mwikali@giakanja.co.ke,2019-09-23
Joshua Muthoni Mutua,CBC-080,Grade 1,West,Kevin Chelangat Mutua,kevin.chelangat@giakanja.co.ke,2018-02-20
Nancy Auma Gacheru,CBC-081,Grade 1,West,Zara Nekesa Gacheru,zara.nekesa@giakanja.co.ke,2019-07-25
Raymond Wanjiku Bett,CBC-082,Grade 1,West,David Kagendo Bett,david.kagendo@giakanja.co.ke,2019-05-19
Adhiambo Atieno Okeyo,CBC-083,Grade 1,West,Christopher Akelo Okeyo,christopher.akelo@giakanja.co.ke,2018-09-26
Njoroge Waweru Mwau,CBC-084,Grade 1,West,Adrian Wanjiku Mwau,adrian.wanjiku@giakanja.co.ke,2018-10-23
Olivia Njoroge Ogola,CBC-085,Grade 1,West,Beatrice Awino Ogola,beatrice.awino@giakanja.co.ke,2019-06-18
Trevor Waweru Warsame,CBC-086,Grade 1,West,Eric Kipkorir Warsame,eric.kipkorir@giakanja.co.ke,2019-05-02
Teresa Warsame Obare,CBC-087,Grade 1,West,Oscar Kamau Obare,oscar.kamau@giakanja.co.ke,2019-02-27
Paul Chelangat Ndirangu,CBC-088,Grade 1,West,Solomon Adhiambo Ndirangu,solomon.adhiambo@giakanja.co.ke,2019-01-01
Wangari Wambui Mboya,CBC-089,Grade 1,West,Fatuma Wambui Mboya,fatuma.wambui@giakanja.co.ke,2019-07-22
Geoffrey Nekesa Okeyo,CBC-090,Grade 1,West,Zawadi Akelo Okeyo,zawadi.akelo@giakanja.co.ke,2018-01-09
Francis Muthoni Mureithi,CBC-091,Grade 2,East,Elizabeth Kimani Mureithi,elizabeth.kimani@giakanja.co.ke,2018-07-07
Teresa Mwikali Nyakundi,CBC-092,Grade 2,East,Mohamed Waweru Nyakundi,mohamed.waweru@giakanja.co.ke,2017-09-18
Samson Auma Odero,CBC-093,Grade 2,East,Irene Zawadi Odero,irene.zawadi@giakanja.co.ke,2018-05-08
Wairimu Omondi Sang,CBC-094,Grade 2,East,Mary Akinyi Sang,mary.akinyi@giakanja.co.ke,2018-06-06
Maina Warsame Warui,CBC-095,Grade 2,East,Zara Kimani Warui,zara.kimani@giakanja.co.ke,2018-09-03
Sasha Waweru Kavata,CBC-096,Grade 2,East,Cynthia Akelo Kavata,cynthia.akelo@giakanja.co.ke,2017-12-21
Victor Atieno Musyoka,CBC-097,Grade 2,East,Amos Maina Musyoka,amos.maina@giakanja.co.ke,2017-10-08
Millicent Njoroge Murithi,CBC-098,Grade 2,East,Mercy Baraka Murithi,mercy.baraka@giakanja.co.ke,2018-02-07
Joseph Akelo Odero,CBC-099,Grade 2,East,Chebet Mwikali Odero,chebet.mwikali@giakanja.co.ke,2017-11-20
Hellen Otieno Mugo,CBC-100,Grade 2,East,Jebet Akinyi Mugo,jebet.akinyi@giakanja.co.ke,2017-02-27
John Njoroge Koech,CBC-101,Grade 2,East,Kipngetich Kipchoge Koech,kipngetich.kipchoge@giakanja.co.ke,2018-03-14
Margaret Mwenda Khisa,CBC-102,Grade 2,East,Wangari Wairimu Khisa,wangari.wairimu@giakanja.co.ke,2017-05-23
Collins Awino Kioni,CBC-103,Grade 2,East,Millicent Akelo Kioni,millicent.akelo@giakanja.co.ke,2018-09-17
Sandra Auma Kavata,CBC-104,Grade 2,East,Lydia Adhiambo Kavata,lydia.adhiambo@giakanja.co.ke,2017-10-04
Amos Warsame Gitau,CBC-105,Grade 2,East,Yvonne Akinyi Gitau,yvonne.akinyi@giakanja.co.ke,2017-10-08
Omondi Muthoni Abubakar,CBC-106,Grade 2,West,Christopher Nekesa Abubakar,christopher.nekesa@giakanja.co.ke,2018-04-08
Eunice Kipkorir Muthike,CBC-107,Grade 2,West,Kipchoge Akinyi Muthike,kipchoge.akinyi@giakanja.co.ke,2017-05-23
Samuel Adhiambo Siaya,CBC-108,Grade 2,West,Mwikali Atieno Siaya,mwikali.atieno@giakanja.co.ke,2017-11-12
Ursula Chelangat Rotich,CBC-109,Grade 2,West,Hellen Kiptoo Rotich,hellen.kiptoo@giakanja.co.ke,2018-07-10
Duncan Waweru Rotich,CBC-110,Grade 2,West,Maina Akelo Rotich,maina.akelo@giakanja.co.ke,2017-02-01
Mary Kipchoge Nyakundi,CBC-111,Grade 2,West,Gloria Adhiambo Nyakundi,gloria.adhiambo@giakanja.co.ke,2018-07-25
Francis Akinyi Simiyu,CBC-112,Grade 2,West,Felix Otieno Simiyu,felix.otieno@giakanja.co.ke,2017-01-15
Hellen Baraka Odhiambo,CBC-113,Grade 2,West,Vivian Awino Odhiambo,vivian.awino@giakanja.co.ke,2018-05-21
Clinton Awino Otieno,CBC-114,Grade 2,West,Shadrack Akelo Otieno,shadrack.akelo@giakanja.co.ke,2017-07-13
Eunice Atieno Okeyo,CBC-115,Grade 2,West,Muthoni Mwikali Okeyo,muthoni.mwikali@giakanja.co.ke,2018-02-27
Abdi Auma Mutiso,CBC-116,Grade 2,West,Zara Njoroge Mutiso,zara.njoroge@giakanja.co.ke,2018-08-02
Wangari Akinyi Abubakar,CBC-117,Grade 2,West,Newton Kiptoo Abubakar,newton.kiptoo@giakanja.co.ke,2018-02-25
Vincent Mwikali Njenga,CBC-118,Grade 2,West,Eric Nekesa Njenga,eric.nekesa@giakanja.co.ke,2018-11-09
Mary Kipkorir Ochieng,CBC-119,Grade 2,West,Anthony Omondi Ochieng,anthony.omondi@giakanja.co.ke,2017-12-06
Shadrack Njeri Njoroge,CBC-120,Grade 2,West,Wangari Auma Njoroge,wangari.auma@giakanja.co.ke,2018-06-13
Benard Kipkorir Ogola,CBC-121,Grade 3,East,Mark Chelangat Ogola,mark.chelangat@giakanja.co.ke,2016-08-03
Rachel Kiptoo Makau,CBC-122,Grade 3,East,Lucy Akinyi Makau,lucy.akinyi@giakanja.co.ke,2016-11-24
Benard Mwikali Owino,CBC-123,Grade 3,East,Calvin Adhiambo Owino,calvin.adhiambo@giakanja.co.ke,2016-02-16
Lydia Maina Oketch,CBC-124,Grade 3,East,Mary Awino Oketch,mary.awino@giakanja.co.ke,2016-03-25
George Kiptoo Wafula,CBC-125,Grade 3,East,Adrian Baraka Wafula,adrian.baraka@giakanja.co.ke,2016-04-08
Gloria Wambui Ngilu,CBC-126,Grade 3,East,Hassan Awino Ngilu,hassan.awino@giakanja.co.ke,2017-10-26
Victor Kipchoge Kimani,CBC-127,Grade 3,East,Geoffrey Awino Kimani,geoffrey.awino@giakanja.co.ke,2016-07-25
Wambui Wairimu Kyalo,CBC-128,Grade 3,East,Faith Chelangat Kyalo,faith.chelangat@giakanja.co.ke,2016-09-23
Eric Auma Bett,CBC-129,Grade 3,East,Wako Kipkorir Bett,wako.kipkorir@giakanja.co.ke,2017-10-21
Irene Waweru Mwende,CBC-130,Grade 3,East,Xenia Maina Mwende,xenia.maina@giakanja.co.ke,2016-06-24
Ian Akelo Waititu,CBC-131,Grade 3,East,Millicent Auma Waititu,millicent.auma@giakanja.co.ke,2017-01-17
Millicent Baraka Mwende,CBC-132,Grade 3,East,Kamau Adhiambo Mwende,kamau.adhiambo@giakanja.co.ke,2016-10-20
Kelvin Kamau Waititu,CBC-133,Grade 3,East,John Mwenda Waititu,john.mwenda@giakanja.co.ke,2017-08-23
Jepkoech Omondi Owino,CBC-134,Grade 3,East,Wanjiru Muthoni Owino,wanjiru.muthoni@giakanja.co.ke,2017-12-28
Victor Omondi Abubakar,CBC-135,Grade 3,East,Kevin Kamau Abubakar,kevin.kamau@giakanja.co.ke,2016-01-16
Abdi Auma Gachuhi,CBC-136,Grade 3,West,Sarah Kiptoo Gachuhi,sarah.kiptoo@giakanja.co.ke,2016-10-24
Sandra Nekesa Sang,CBC-137,Grade 3,West,Peter Wambui Sang,peter.wambui@giakanja.co.ke,2017-06-11
George Mwikali Okeyo,CBC-138,Grade 3,West,Purity Chelangat Okeyo,purity.chelangat@giakanja.co.ke,2016-02-22
Grace Baraka Ouma,CBC-139,Grade 3,West,Nekesa Ochieng Ouma,nekesa.ochieng@giakanja.co.ke,2016-08-14
Eric Akelo Omari,CBC-140,Grade 3,West,John Mwikali Omari,john.mwikali@giakanja.co.ke,2017-02-08
Wanjiku Njeri Njoroge,CBC-141,Grade 3,West,Purity Muthoni Njoroge,purity.muthoni@giakanja.co.ke,2017-06-04
Benard Mwikali Ngilu,CBC-142,Grade 3,West,Philip Adhiambo Ngilu,philip.adhiambo@giakanja.co.ke,2016-09-08
Rose Waweru Njenga,CBC-143,Grade 3,West,Mwikali Kipkorir Njenga,mwikali.kipkorir@giakanja.co.ke,2017-08-28
Kipngetich Awino Ngilu,CBC-144,Grade 3,West,Ochieng Adhiambo Ngilu,ochieng.adhiambo@giakanja.co.ke,2017-04-23
Mary Kiptoo Warui,CBC-145,Grade 3,West,Sarah Mwenda Warui,sarah.mwenda@giakanja.co.ke,2017-07-26
Michael Akinyi Mwenda,CBC-146,Grade 3,West,Catherine Njeri Mwenda,catherine.njeri@giakanja.co.ke,2017-04-12
Kemunto Nekesa Nzomo,CBC-147,Grade 3,West,Peter Mwenda Nzomo,peter.mwenda@giakanja.co.ke,2016-11-26
George Baraka Kimani,CBC-148,Grade 3,West,Kelvin Adhiambo Kimani,kelvin.adhiambo@giakanja.co.ke,2017-11-26
Beatrice Omondi Mugo,CBC-149,Grade 3,West,Enock Njeri Mugo,enock.njeri@giakanja.co.ke,2016-08-11
Calvin Auma Kimani,CBC-150,Grade 3,West,Wambui Kagendo Kimani,wambui.kagendo@giakanja.co.ke,2017-03-14
Oscar Mwenda Ngugi,CBC-151,Grade 4,East,Faith Omondi Ngugi,faith.omondi@giakanja.co.ke,2016-01-02
Grace Adhiambo Otieno,CBC-152,Grade 4,East,Aisha Atieno Otieno,aisha.atieno@giakanja.co.ke,2016-12-10
Kamau Njoroge Mutiso,CBC-153,Grade 4,East,Teresa Mwenda Mutiso,teresa.mwenda@giakanja.co.ke,2016-04-23
Teresa Kipchoge Gichimu,CBC-154,Grade 4,East,Anthony Mwenda Gichimu,anthony.mwenda@giakanja.co.ke,2016-05-07
Mark Akelo Ouma,CBC-155,Grade 4,East,Olivia Wambui Ouma,olivia.wambui@giakanja.co.ke,2016-12-25
Mwikali Njeri Wekesa,CBC-156,Grade 4,East,Gloria Omondi Wekesa,gloria.omondi@giakanja.co.ke,2016-08-26
Victor Omondi Otieno,CBC-157,Grade 4,East,Philip Kagendo Otieno,philip.kagendo@giakanja.co.ke,2015-02-09
Irene Akinyi Mugo,CBC-158,Grade 4,East,Clinton Kipchoge Mugo,clinton.kipchoge@giakanja.co.ke,2016-02-06
Brian Wairimu Omar,CBC-159,Grade 4,East,Timothy Baraka Omar,timothy.baraka@giakanja.co.ke,2015-09-22
Monica Nekesa Otieno,CBC-160,Grade 4,East,Brenda Mwikali Otieno,brenda.mwikali@giakanja.co.ke,2015-09-19
Mohamed Kiptoo Wainaina,CBC-161,Grade 4,East,Duncan Kamau Wainaina,duncan.kamau@giakanja.co.ke,2016-01-15
Catherine Omondi Oketch,CBC-162,Grade 4,East,Philip Wairimu Oketch,philip.wairimu@giakanja.co.ke,2015-05-05
Kamau Njeri Gatheru,CBC-163,Grade 4,East,Solomon Wambui Gatheru,solomon.wambui@giakanja.co.ke,2015-11-06
Nancy Auma Gitonga,CBC-164,Grade 4,East,Gilbert Mwenda Gitonga,gilbert.mwenda@giakanja.co.ke,2016-12-07
Shadrack Awino Ochieng,CBC-165,Grade 4,East,Alex Kiptoo Ochieng,alex.kiptoo@giakanja.co.ke,2015-07-17
Kipngetich Akelo Gachuhi,CBC-166,Grade 4,West,Xenia Warsame Gachuhi,xenia.warsame@giakanja.co.ke,2016-11-27
Kemunto Otieno Oloo,CBC-167,Grade 4,West,Solomon Akelo Oloo,solomon.akelo@giakanja.co.ke,2016-12-08
Raymond Wairimu Gatheru,CBC-168,Grade 4,West,Jelimo Omondi Gatheru,jelimo.omondi@giakanja.co.ke,2016-04-27
Sheila Warsame Kavata,CBC-169,Grade 4,West,Muthoni Omondi Kavata,muthoni.omondi@giakanja.co.ke,2016-06-10
Ryan Njoroge Mwende,CBC-170,Grade 4,West,Winnie Maina Mwende,winnie.maina@giakanja.co.ke,2015-11-25
Rachel Zawadi Nzomo,CBC-171,Grade 4,West,Kagendo Akinyi Nzomo,kagendo.akinyi@giakanja.co.ke,2016-12-13
Leonard Muthoni Muchiri,CBC-172,Grade 4,West,Mark Mwikali Muchiri,mark.mwikali@giakanja.co.ke,2016-06-22
Cynthia Muthoni Njenga,CBC-173,Grade 4,West,Wanjiku Wairimu Njenga,wanjiku.wairimu@giakanja.co.ke,2015-01-15
Ian Zawadi Onyango,CBC-174,Grade 4,West,Jacqueline Maina Onyango,jacqueline.maina@giakanja.co.ke,2015-06-08
Lucy Wairimu Wafula,CBC-175,Grade 4,West,Derrick Warsame Wafula,derrick.warsame@giakanja.co.ke,2015-10-19
Christopher Kamau Mureithi,CBC-176,Grade 4,West,Victor Njeri Mureithi,victor.njeri@giakanja.co.ke,2016-11-16
Eunice Omondi Makau,CBC-177,Grade 4,West,Nafula Muthoni Makau,nafula.muthoni@giakanja.co.ke,2015-10-10
Elijah Kiptoo Ouma,CBC-178,Grade 4,West,Rachel Kipchoge Ouma,rachel.kipchoge@giakanja.co.ke,2015-09-01
Chebet Kipkorir Odero,CBC-179,Grade 4,West,Naomi Mwikali Odero,naomi.mwikali@giakanja.co.ke,2016-07-19
Raymond Awino Mutiso,CBC-180,Grade 4,West,Sandra Kagendo Mutiso,sandra.kagendo@giakanja.co.ke,2015-10-22
Collins Otieno Makau,CBC-181,Grade 5,East,George Chelangat Makau,george.chelangat@giakanja.co.ke,2015-08-16
Sharon Njeri Macharia,CBC-182,Grade 5,East,Michael Atieno Macharia,michael.atieno@giakanja.co.ke,2014-03-17
Meshack Mwikali Bett,CBC-183,Grade 5,East,Hassan Baraka Bett,hassan.baraka@giakanja.co.ke,2014-02-11
Teresa Baraka Mwangi,CBC-184,Grade 5,East,Chepkoech Awino Mwangi,chepkoech.awino@giakanja.co.ke,2015-02-09
James Wanjiku Murithi,CBC-185,Grade 5,East,Xenia Kamau Murithi,xenia.kamau@giakanja.co.ke,2015-07-05
Catherine Mwenda Warsame,CBC-186,Grade 5,East,Anthony Kimani Warsame,anthony.kimani@giakanja.co.ke,2015-10-19
Edwin Kiptoo Omar,CBC-187,Grade 5,East,Violet Kipchoge Omar,violet.kipchoge@giakanja.co.ke,2014-12-01
Cynthia Kamau Onyango,CBC-188,Grade 5,East,Aisha Mwikali Onyango,aisha.mwikali@giakanja.co.ke,2015-12-02
Samuel Kimani Musyoka,CBC-189,Grade 5,East,Dennis Wanjiku Musyoka,dennis.wanjiku@giakanja.co.ke,2015-03-26
Amina Kagendo Mwenda,CBC-190,Grade 5,East,Robert Adhiambo Mwenda,robert.adhiambo@giakanja.co.ke,2014-01-05
Nathan Kipkorir Odhiambo,CBC-191,Grade 5,East,Jane Baraka Odhiambo,jane.baraka@giakanja.co.ke,2015-02-28
Xenia Otieno Muthike,CBC-192,Grade 5,East,Mwikali Kipkorir Muthike,mwikali.kipkorir@giakanja.co.ke,2015-09-20
Derrick Akelo Thuo,CBC-193,Grade 5,East,Eric Kagendo Thuo,eric.kagendo@giakanja.co.ke,2014-09-21
Faith Muthoni Odero,CBC-194,Grade 5,East,Irene Warsame Odero,irene.warsame@giakanja.co.ke,2015-04-23
Derrick Kagendo Ochieng,CBC-195,Grade 5,East,Edna Muthoni Ochieng,edna.muthoni@giakanja.co.ke,2014-07-17
Amos Atieno Kamau,CBC-196,Grade 5,West,Purity Mwikali Kamau,purity.mwikali@giakanja.co.ke,2014-12-10
Chelangat Kiptoo Bett,CBC-197,Grade 5,West,Vivian Muthoni Bett,vivian.muthoni@giakanja.co.ke,2014-08-07
Collins Kagendo Nthiga,CBC-198,Grade 5,West,Brenda Kimani Nthiga,brenda.kimani@giakanja.co.ke,2015-09-27
Monica Atieno Wekesa,CBC-199,Grade 5,West,Edna Njeri Wekesa,edna.njeri@giakanja.co.ke,2015-10-26
Clinton Wanjiku Hussein,CBC-200,Grade 5,West,Chebet Kimani Hussein,chebet.kimani@giakanja.co.ke,2014-12-07
Njeri Ochieng Nyakundi,CBC-201,Grade 5,West,Wairimu Chelangat Nyakundi,wairimu.chelangat@giakanja.co.ke,2015-03-13
Christopher Akinyi Abubakar,CBC-202,Grade 5,West,Xenia Akinyi Abubakar,xenia.akinyi@giakanja.co.ke,2014-08-20
Wanjiru Kipchoge Ogola,CBC-203,Grade 5,West,Joyce Wanjiku Ogola,joyce.wanjiku@giakanja.co.ke,2014-09-05
Victor Kagendo Odhiambo,CBC-204,Grade 5,West,Shadrack Ochieng Odhiambo,shadrack.ochieng@giakanja.co.ke,2015-05-09
Chebet Kagendo Onyango,CBC-205,Grade 5,West,Solomon Awino Onyango,solomon.awino@giakanja.co.ke,2015-04-17
Christopher Njeri Wainaina,CBC-206,Grade 5,West,Irene Mwikali Wainaina,irene.mwikali@giakanja.co.ke,2015-07-21
Brenda Nekesa Odero,CBC-207,Grade 5,West,Mary Nekesa Odero,mary.nekesa@giakanja.co.ke,2014-05-16
Ochieng Otieno Khisa,CBC-208,Grade 5,West,Diana Auma Khisa,diana.auma@giakanja.co.ke,2015-04-03
Nancy Warsame Gichimu,CBC-209,Grade 5,West,Betty Akinyi Gichimu,betty.akinyi@giakanja.co.ke,2015-02-23
Ryan Ochieng Muchiri,CBC-210,Grade 5,West,Ursula Otieno Muchiri,ursula.otieno@giakanja.co.ke,2014-02-22
Derrick Otieno Makau,CBC-211,Grade 6,East,Jelimo Mwenda Makau,jelimo.mwenda@giakanja.co.ke,2014-04-17
Nafula Kamau Obare,CBC-212,Grade 6,East,Njoroge Njoroge Obare,njoroge.njoroge@giakanja.co.ke,2013-08-07
Raymond Akelo Obare,CBC-213,Grade 6,East,Ryan Chelangat Obare,ryan.chelangat@giakanja.co.ke,2013-01-25
Chelangat Wanjiku Mutiso,CBC-214,Grade 6,East,Eunice Njoroge Mutiso,eunice.njoroge@giakanja.co.ke,2014-02-21
Arnold Wanjiku Ogolla,CBC-215,Grade 6,East,Hassan Waweru Ogolla,hassan.waweru@giakanja.co.ke,2013-12-04
Yvonne Wambui Otieno,CBC-216,Grade 6,East,Kiptoo Otieno Otieno,kiptoo.otieno@giakanja.co.ke,2013-12-16
Dennis Omondi Nzomo,CBC-217,Grade 6,East,Nathan Wairimu Nzomo,nathan.wairimu@giakanja.co.ke,2013-02-22
Naomi Awino Barasa,CBC-218,Grade 6,East,Betty Njeri Barasa,betty.njeri@giakanja.co.ke,2014-09-27
Kipngetich Mwenda Nyamweya,CBC-219,Grade 6,East,Caroline Omondi Nyamweya,caroline.omondi@giakanja.co.ke,2014-08-16
Lucy Wambui Warsame,CBC-220,Grade 6,East,Charles Kagendo Warsame,charles.kagendo@giakanja.co.ke,2014-05-13
Clinton Wanjiku Ngilu,CBC-221,Grade 6,East,Charles Mwenda Ngilu,charles.mwenda@giakanja.co.ke,2013-06-04
Jane Mwikali Oloo,CBC-222,Grade 6,East,Cynthia Wairimu Oloo,cynthia.wairimu@giakanja.co.ke,2013-04-22
Amos Baraka Kyalo,CBC-223,Grade 6,East,Sharon Kimani Kyalo,sharon.kimani@giakanja.co.ke,2014-10-01
Naomi Muthoni Njoroge,CBC-224,Grade 6,East,Baraka Chelangat Njoroge,baraka.chelangat@giakanja.co.ke,2014-11-20
Calvin Mwikali Mwangi,CBC-225,Grade 6,East,Kipchoge Kipchoge Mwangi,kipchoge.kipchoge@giakanja.co.ke,2014-03-10
Joshua Kipchoge Kinyua,CBC-226,Grade 6,West,Jacqueline Auma Kinyua,jacqueline.auma@giakanja.co.ke,2014-06-01
Wangari Mwikali Omari,CBC-227,Grade 6,West,Nathan Wanjiku Omari,nathan.wanjiku@giakanja.co.ke,2014-03-08
Enock Chelangat Njeru,CBC-228,Grade 6,West,Wairimu Akinyi Njeru,wairimu.akinyi@giakanja.co.ke,2013-03-03
Sarah Akinyi Wafula,CBC-229,Grade 6,West,Gloria Njoroge Wafula,gloria.njoroge@giakanja.co.ke,2013-12-28
Paul Waweru Kyalo,CBC-230,Grade 6,West,Fatuma Akinyi Kyalo,fatuma.akinyi@giakanja.co.ke,2014-08-14
Purity Adhiambo Mwangi,CBC-231,Grade 6,West,Rose Kipkorir Mwangi,rose.kipkorir@giakanja.co.ke,2013-02-04
Derrick Baraka Oketch,CBC-232,Grade 6,West,Millicent Atieno Oketch,millicent.atieno@giakanja.co.ke,2014-12-23
Irene Auma Mwau,CBC-233,Grade 6,West,Collins Akinyi Mwau,collins.akinyi@giakanja.co.ke,2014-07-20
Leonard Kagendo Musyoka,CBC-234,Grade 6,West,Vincent Wairimu Musyoka,vincent.wairimu@giakanja.co.ke,2013-06-26
Sandra Akinyi Gichimu,CBC-235,Grade 6,West,Nekesa Otieno Gichimu,nekesa.otieno@giakanja.co.ke,2013-04-23
Brian Kagendo Ndirangu,CBC-236,Grade 6,West,Teresa Njoroge Ndirangu,teresa.njoroge@giakanja.co.ke,2014-04-04
Pauline Kiptoo Kavata,CBC-237,Grade 6,West,Mohamed Kamau Kavata,mohamed.kamau@giakanja.co.ke,2013-10-01
Edwin Adhiambo Ogola,CBC-238,Grade 6,West,Derrick Muthoni Ogola,derrick.muthoni@giakanja.co.ke,2014-02-22
Alice Waweru Ndungu,CBC-239,Grade 6,West,Kamau Nekesa Ndungu,kamau.nekesa@giakanja.co.ke,2014-04-17
Otieno Wairimu Kasyoka,CBC-240,Grade 6,West,Sandra Waweru Kasyoka,sandra.waweru@giakanja.co.ke,2014-12-07
Kipkorir Njoroge Otieno,CBC-241,Grade 7,East,Dennis Omondi Otieno,dennis.omondi@giakanja.co.ke,2012-04-09
Nancy Kamau Gitau,CBC-242,Grade 7,East,Alice Njeri Gitau,alice.njeri@giakanja.co.ke,2013-07-16
Joshua Kimani Thuo,CBC-243,Grade 7,East,Naomi Omondi Thuo,naomi.omondi@giakanja.co.ke,2013-06-16
Mwikali Nekesa Thuo,CBC-244,Grade 7,East,Nancy Kiptoo Thuo,nancy.kiptoo@giakanja.co.ke,2012-06-17
Nathan Njeri Mutiso,CBC-245,Grade 7,East,Catherine Kipchoge Mutiso,catherine.kipchoge@giakanja.co.ke,2012-03-25
Mwikali Akelo Okeyo,CBC-246,Grade 7,East,Samson Adhiambo Okeyo,samson.adhiambo@giakanja.co.ke,2012-08-02
Gilbert Baraka Ndungu,CBC-247,Grade 7,East,Linda Maina Ndungu,linda.maina@giakanja.co.ke,2012-05-25
Chepkoech Kipchoge Ogolla,CBC-248,Grade 7,East,Newton Kimani Ogolla,newton.kimani@giakanja.co.ke,2013-06-22
Patrick Muthoni Khisa,CBC-249,Grade 7,East,Anthony Chelangat Khisa,anthony.chelangat@giakanja.co.ke,2012-05-15
Sarah Atieno Ndungu,CBC-250,Grade 7,East,Njeri Kipchoge Ndungu,njeri.kipchoge@giakanja.co.ke,2013-02-16
Duncan Mwikali Mutua,CBC-251,Grade 7,East,Leonard Maina Mutua,leonard.maina@giakanja.co.ke,2012-07-02
Auma Akinyi Mugambi,CBC-252,Grade 7,East,Hannah Kipchoge Mugambi,hannah.kipchoge@giakanja.co.ke,2012-07-15
Nathan Kipchoge Warsame,CBC-253,Grade 7,East,Jane Kimani Warsame,jane.kimani@giakanja.co.ke,2013-12-24
Zawadi Kipchoge Ochieng,CBC-254,Grade 7,East,Karen Kimani Ochieng,karen.kimani@giakanja.co.ke,2013-10-20
Dennis Akelo Mureithi,CBC-255,Grade 7,East,Maina Ochieng Mureithi,maina.ochieng@giakanja.co.ke,2013-05-21
Patrick Wambui Nyakundi,CBC-256,Grade 7,West,Joshua Akinyi Nyakundi,joshua.akinyi@giakanja.co.ke,2012-04-06
Jacqueline Warsame Makau,CBC-257,Grade 7,West,Michael Wambui Makau,michael.wambui@giakanja.co.ke,2012-07-12
Gilbert Maina Njenga,CBC-258,Grade 7,West,Edwin Wairimu Njenga,edwin.wairimu@giakanja.co.ke,2012-06-14
Hellen Zawadi Kibet,CBC-259,Grade 7,West,Alice Njeri Kibet,alice.njeri@giakanja.co.ke,2013-12-05
Waweru Omondi Wainaina,CBC-260,Grade 7,West,Gideon Kipchoge Wainaina,gideon.kipchoge@giakanja.co.ke,2013-08-07
Sharon Mwenda Ruto,CBC-261,Grade 7,West,Jacqueline Warsame Ruto,jacqueline.warsame@giakanja.co.ke,2013-05-20
Kipchoge Kipkorir Wesonga,CBC-262,Grade 7,West,Sheila Njoroge Wesonga,sheila.njoroge@giakanja.co.ke,2013-02-24
Nancy Zawadi Gichimu,CBC-263,Grade 7,West,Emmanuel Kimani Gichimu,emmanuel.kimani@giakanja.co.ke,2012-11-14
Brian Kipchoge Waititu,CBC-264,Grade 7,West,Jacqueline Kagendo Waititu,jacqueline.kagendo@giakanja.co.ke,2013-04-25
Mary Kiptoo Odero,CBC-265,Grade 7,West,Hassan Wairimu Odero,hassan.wairimu@giakanja.co.ke,2013-12-27
Solomon Mwikali Nyamweya,CBC-266,Grade 7,West,Mwikali Wanjiku Nyamweya,mwikali.wanjiku@giakanja.co.ke,2013-12-18
Pauline Chelangat Bett,CBC-267,Grade 7,West,Kipngetich Wanjiku Bett,kipngetich.wanjiku@giakanja.co.ke,2013-09-27
Kevin Kiptoo Waititu,CBC-268,Grade 7,West,Robert Otieno Waititu,robert.otieno@giakanja.co.ke,2013-02-03
Joyce Atieno Ouma,CBC-269,Grade 7,West,Betty Njoroge Ouma,betty.njoroge@giakanja.co.ke,2013-12-04
Derrick Chelangat Obare,CBC-270,Grade 7,West,Sheila Kiptoo Obare,sheila.kiptoo@giakanja.co.ke,2013-05-07
George Warsame Musyoka,CBC-271,Grade 8,East,Nafula Njeri Musyoka,nafula.njeri@giakanja.co.ke,2012-06-17
Kagendo Zawadi Warsame,CBC-272,Grade 8,East,Kemunto Auma Warsame,kemunto.auma@giakanja.co.ke,2011-05-28
Victor Awino Odero,CBC-273,Grade 8,East,Dennis Kipkorir Odero,dennis.kipkorir@giakanja.co.ke,2011-07-22
Sasha Omondi Odhiambo,CBC-274,Grade 8,East,Mary Chelangat Odhiambo,mary.chelangat@giakanja.co.ke,2011-09-23
Samuel Muthoni Warsame,CBC-275,Grade 8,East,Hellen Wambui Warsame,hellen.wambui@giakanja.co.ke,2011-12-17
Hellen Maina Sang,CBC-276,Grade 8,East,Kelvin Njoroge Sang,kelvin.njoroge@giakanja.co.ke,2012-11-16
Omondi Auma Simiyu,CBC-277,Grade 8,East,Sasha Mwenda Simiyu,sasha.mwenda@giakanja.co.ke,2012-08-11
Fatuma Otieno Mutiso,CBC-278,Grade 8,East,Mutheu Warsame Mutiso,mutheu.warsame@giakanja.co.ke,2011-03-27
Meshack Akelo Ndirangu,CBC-279,Grade 8,East,Baraka Adhiambo Ndirangu,baraka.adhiambo@giakanja.co.ke,2011-01-07
Lydia Chelangat Sang,CBC-280,Grade 8,East,Abdi Chelangat Sang,abdi.chelangat@giakanja.co.ke,2011-01-19
Kamau Kipchoge Mugo,CBC-281,Grade 8,East,Fatuma Wanjiku Mugo,fatuma.wanjiku@giakanja.co.ke,2011-11-03
Kemunto Akelo Khisa,CBC-282,Grade 8,East,Dennis Omondi Khisa,dennis.omondi@giakanja.co.ke,2011-06-08
Kelvin Ochieng Njenga,CBC-283,Grade 8,East,Gloria Kipchoge Njenga,gloria.kipchoge@giakanja.co.ke,2011-04-22
Sarah Otieno Wainaina,CBC-284,Grade 8,East,Kiptoo Ochieng Wainaina,kiptoo.ochieng@giakanja.co.ke,2012-10-28
Emmanuel Wanjiku Mwende,CBC-285,Grade 8,East,Maina Njoroge Mwende,maina.njoroge@giakanja.co.ke,2011-09-08
Samuel Kagendo Warui,CBC-286,Grade 8,West,Vivian Njeri Warui,vivian.njeri@giakanja.co.ke,2012-02-06
Cynthia Auma Oketch,CBC-287,Grade 8,West,Ann Ochieng Oketch,ann.ochieng@giakanja.co.ke,2011-01-27
Ryan Mwikali Gitonga,CBC-288,Grade 8,West,Newton Wanjiku Gitonga,newton.wanjiku@giakanja.co.ke,2012-09-20
Jelimo Njeri Mutua,CBC-289,Grade 8,West,Emmanuel Wanjiku Mutua,emmanuel.wanjiku@giakanja.co.ke,2012-02-02
Amos Akinyi Mugambi,CBC-290,Grade 8,West,Sasha Akinyi Mugambi,sasha.akinyi@giakanja.co.ke,2012-08-25
Edna Awino Muchiri,CBC-291,Grade 8,West,James Chelangat Muchiri,james.chelangat@giakanja.co.ke,2012-03-08
Ochieng Atieno Gacheru,CBC-292,Grade 8,West,Olivia Adhiambo Gacheru,olivia.adhiambo@giakanja.co.ke,2011-07-15
Jane Mwenda Mwau,CBC-293,Grade 8,West,Chepkoech Kimani Mwau,chepkoech.kimani@giakanja.co.ke,2012-06-18
Kevin Wairimu Makau,CBC-294,Grade 8,West,Jebet Warsame Makau,jebet.warsame@giakanja.co.ke,2011-07-10
Esther Njeri Muchiri,CBC-295,Grade 8,West,Robert Atieno Muchiri,robert.atieno@giakanja.co.ke,2011-08-02
Kevin Mwenda Gacheru,CBC-296,Grade 8,West,Wambui Akelo Gacheru,wambui.akelo@giakanja.co.ke,2012-04-27
Kemunto Kimani Mboya,CBC-297,Grade 8,West,Paul Njeri Mboya,paul.njeri@giakanja.co.ke,2011-11-19
Patrick Akinyi Ochieng,CBC-298,Grade 8,West,Jacqueline Awino Ochieng,jacqueline.awino@giakanja.co.ke,2012-08-09
Gloria Akelo Muchiri,CBC-299,Grade 8,West,Solomon Wambui Muchiri,solomon.wambui@giakanja.co.ke,2011-10-28
Kipngetich Ochieng Abubakar,CBC-300,Grade 8,West,Awino Kagendo Abubakar,awino.kagendo@giakanja.co.ke,2012-06-18
Leonard Akelo Otieno,CBC-301,Grade 9,East,Leonard Kiptoo Otieno,leonard.kiptoo@giakanja.co.ke,2011-04-10
Kemunto Kipchoge Nyakundi,CBC-302,Grade 9,East,Robert Awino Nyakundi,robert.awino@giakanja.co.ke,2011-07-16
Peter Njoroge Otieno,CBC-303,Grade 9,East,Chelangat Wairimu Otieno,chelangat.wairimu@giakanja.co.ke,2011-09-11
Irene Wanjiku Murithi,CBC-304,Grade 9,East,Caroline Baraka Murithi,caroline.baraka@giakanja.co.ke,2011-06-16
Steve Baraka Warsame,CBC-305,Grade 9,East,Esther Kipchoge Warsame,esther.kipchoge@giakanja.co.ke,2010-05-10
Yvonne Mwikali Ouma,CBC-306,Grade 9,East,Solomon Ochieng Ouma,solomon.ochieng@giakanja.co.ke,2010-01-27
Ezekiel Chelangat Ogola,CBC-307,Grade 9,East,Ochieng Kipchoge Ogola,ochieng.kipchoge@giakanja.co.ke,2010-01-12
Betty Baraka Gichimu,CBC-308,Grade 9,East,Purity Akelo Gichimu,purity.akelo@giakanja.co.ke,2010-11-12
Calvin Muthoni Omar,CBC-309,Grade 9,East,Rachel Omondi Omar,rachel.omondi@giakanja.co.ke,2010-10-21
Diana Kipkorir Hussein,CBC-310,Grade 9,East,Monica Kipkorir Hussein,monica.kipkorir@giakanja.co.ke,2010-09-05
Raymond Baraka Odhiambo,CBC-311,Grade 9,East,Mark Maina Odhiambo,mark.maina@giakanja.co.ke,2011-07-05
Jacqueline Maina Obare,CBC-312,Grade 9,East,Kiptoo Mwenda Obare,kiptoo.mwenda@giakanja.co.ke,2010-01-16
Kipkorir Kamau Omar,CBC-313,Grade 9,East,Olivia Njeri Omar,olivia.njeri@giakanja.co.ke,2010-02-16
Naomi Kimani Makau,CBC-314,Grade 9,East,Karen Warsame Makau,karen.warsame@giakanja.co.ke,2010-04-03
Mwenda Akelo Ngugi,CBC-315,Grade 9,East,Robert Kiptoo Ngugi,robert.kiptoo@giakanja.co.ke,2010-09-13
Rodgers Wambui Odhiambo,CBC-316,Grade 9,West,Duncan Kiptoo Odhiambo,duncan.kiptoo@giakanja.co.ke,2010-07-05
Chelangat Omondi Chepkemoi,CBC-317,Grade 9,West,Chebet Awino Chepkemoi,chebet.awino@giakanja.co.ke,2010-06-11
Samuel Maina Kasyoka,CBC-318,Grade 9,West,Catherine Mwenda Kasyoka,catherine.mwenda@giakanja.co.ke,2011-12-25
Chelangat Zawadi Muchiri,CBC-319,Grade 9,West,Chepkoech Njeri Muchiri,chepkoech.njeri@giakanja.co.ke,2011-07-07
Abdi Muthoni Rotich,CBC-320,Grade 9,West,Benard Muthoni Rotich,benard.muthoni@giakanja.co.ke,2010-08-19
Diana Kipkorir Sang,CBC-321,Grade 9,West,Wako Wanjiku Sang,wako.wanjiku@giakanja.co.ke,2010-12-16
Raymond Mwenda Kinyua,CBC-322,Grade 9,West,Adrian Chelangat Kinyua,adrian.chelangat@giakanja.co.ke,2011-04-11
Sheila Kiptoo Mwende,CBC-323,Grade 9,West,Eunice Awino Mwende,eunice.awino@giakanja.co.ke,2011-05-09
Arnold Wanjiku Owino,CBC-324,Grade 9,West,Sandra Njeri Owino,sandra.njeri@giakanja.co.ke,2010-04-17
Mutheu Kiptoo Macharia,CBC-325,Grade 9,West,George Akelo Macharia,george.akelo@giakanja.co.ke,2010-01-02
Eric Wambui Gachuhi,CBC-326,Grade 9,West,Diana Njoroge Gachuhi,diana.njoroge@giakanja.co.ke,2010-09-19
Njeri Warsame Gitau,CBC-327,Grade 9,West,Oscar Waweru Gitau,oscar.waweru@giakanja.co.ke,2010-06-12
Benard Baraka Macharia,CBC-328,Grade 9,West,Olivia Omondi Macharia,olivia.omondi@giakanja.co.ke,2010-10-16
Yvonne Kamau Kinyua,CBC-329,Grade 9,West,Paul Kipchoge Kinyua,paul.kipchoge@giakanja.co.ke,2010-11-01
Calvin Kagendo Odero,CBC-330,Grade 9,West,Sandra Warsame Odero,sandra.warsame@giakanja.co.ke,2010-01-02
